user_id,user_name,email,signup_date
1,Tracey Neal,christina12@example.com,2023-07-17
2,Charles Riley,vcook@example.net,2026-03-15
3,Cheryl Gomez,invalid_email,2023-04-13
4,Brad Fields,joy22@example.com,2022-06-01
5,Kevin Smith,valdezpatricia@example.org,2024-10-04
6,Austin Rodriguez,utaylor@example.org,2025-05-03
7,Renee Herrera,mbaker@example.org,2021-12-14
8,Courtney Adams,devon66@example.net,2023-08-27
9,Amy Cline,invalid_email,2025-08-13
10,Andrea Wells,martinsara@example.com,2025-01-14
11,Heather Trevino,tmayo@example.com,2024-05-07
12,Brandon Wright,angieriley@example.net,2023-01-11
13,Calvin Castro,stephen31@example.com,2021-08-12
14,Rachel Thompson,anthonylee@example.com,2023-12-29
15,Kevin Conner,christy80@example.com,2024-09-13
16,Kayla Thompson,mckayangela@example.com,2023-09-21
17,Christina Hall,lynnfletcher@example.net,2022-03-19
18,Cynthia Morgan,derrickrogers@example.net,2024-08-18
19,Katherine Smith,cclark@example.net,2024-07-16
20,,wilsonkevin@example.net,2026-01-06
21,Alyssa Johnston,invalid_email,2024-02-23
22,Amanda Rodriguez,laceyblake@example.net,2024-06-07
23,Cesar Hogan,charles42@example.org,2022-05-26
24,Gerald Hill,rsmith@example.net,2024-05-29
25,Carolyn Moran,lisa80@example.org,2024-12-17
26,Kathleen Williams,leslie75@example.com,2025-11-30
27,Eileen Gray,elainejohnson@example.net,2023-08-26
48,Megan Woodward,farleymegan@example.com,2025-03-29
29,Emily Miller,riverajose@example.org,2024-11-14
30,Joseph Espinoza,bobby39@example.org,invalid_date
31,Laura Fitzgerald,trodriguez@example.org,2022-07-30
2,Bryan Randall,williamsjulie@example.org,2021-11-02
33,Jessica Green,hhaynes@example.com,invalid_date
34,Amanda Taylor,johnsongary@example.org,2024-11-25
35,Angel Shepherd,allentiffany@example.org,2024-01-27
36,Sherry Cross,robert56@example.org,2023-05-09
37,Sarah Noble,invalid_email,2023-08-10
12,Carrie Williams,brucerussell@example.com,2025-11-08
39,James Hall,pinedaanthony@example.org,2024-05-10
40,Michael Fitzpatrick,charles10@example.com,2022-01-30
41,Margaret Dorsey,invalid_email,2023-07-20
42,Antonio Hurley,edgargonzalez@example.net,2025-09-24
43,Melinda Walters MD,kimberlygalloway@example.com,2022-06-18
44,Holly Johnson,arnoldsandra@example.org,2024-02-19
45,,invalid_email,2022-04-04
46,Charles Hanson,invalid_email,2025-12-06
47,John Brown,qcooper@example.com,2023-01-05
48,Brian Haas,solomondeborah@example.net,2023-11-29
49,Ann Villa,kellymeghan@example.org,2024-01-21
50,Scott Sanchez,lwright@example.com,2024-06-19
51,Rodney Johnson,darren12@example.com,2023-08-09
52,Paul Delacruz,invalid_email,2022-11-13
53,Jamie Miller,invalid_email,2022-03-03
54,Scott Werner,julie12@example.net,2024-11-21
55,Joy Watson,ronald98@example.com,2024-08-11
56,Michelle Bates,hughesgabriela@example.org,2025-09-30
57,Jonathan Gray,mbeasley@example.com,invalid_date
58,Carlos Patterson,jamesmccall@example.net,2024-04-16
59,Mr. Robert Barber,invalid_email,2021-10-01
60,Thomas Anderson,troymiller@example.com,2021-11-14
61,Kathryn Mccormick,charles69@example.net,invalid_date
62,Juan Glass,sandraschultz@example.com,2025-03-23
63,Eric Rivera,joseph76@example.org,2025-12-28
64,Sergio Wade,stevenbrown@example.org,2021-06-27
65,Danielle Henry,raymondbell@example.net,2025-03-15
66,Craig Barrett,jennifer81@example.com,2021-10-01
67,Martin Hunter,pcampbell@example.org,invalid_date
68,Andre Vang,invalid_email,2024-02-09
69,Brian Murray,invalid_email,2024-10-13
70,Stephanie Lee,patricktyler@example.com,2025-02-21
71,Danielle Butler,jamesroberts@example.com,2023-02-06
72,Mr. Joseph Rhodes,josephosborne@example.com,2021-11-09
17,Ronald Nelson,davidmiller@example.org,2023-01-31
74,Teresa Spencer,barbara72@example.net,2023-06-29
75,Matthew Bennett,ggreen@example.org,2025-12-11
76,Abigail Hampton,lmartin@example.com,invalid_date
77,Kirk Sellers,fbarnett@example.net,2025-05-29
78,Sarah Leonard MD,invalid_email,2023-10-28
79,Wyatt Coleman,brandon60@example.com,2023-06-25
80,Tina Henson,brandon76@example.com,2022-04-06
81,Robert Wilson,francesflores@example.com,2023-12-29
82,Michael Duncan,etaylor@example.com,invalid_date
83,Claire Smith,martinezmelissa@example.com,2023-09-28
84,Nathan Ross,camerondevin@example.net,invalid_date
85,Laura Ballard MD,gabriela23@example.com,2024-08-02
86,Melissa Glover,karen48@example.net,2025-02-26
87,Linda Davis,wilsonangela@example.org,2023-01-30
88,Dr. Donna Little,jennifersmith@example.net,2023-03-24
89,,jamie96@example.org,invalid_date
90,Joel Fowler,williamnorman@example.net,2022-09-02
91,Johnny Silva,fullerjoy@example.net,2021-07-05
92,Jordan Fleming,melissa83@example.com,invalid_date
93,Denise Wells,judith33@example.org,2021-09-21
94,Luis Davis,newtonkristy@example.org,2025-04-09
95,Alice Sosa,chambersdonald@example.net,2023-03-06
96,Ashley Taylor,tracyhudson@example.net,2022-07-28
97,William Wallace,invalid_email,2025-03-26
98,Tamara Soto,vmurphy@example.net,2024-04-02
99,Cheryl Christian,craigphillip@example.com,2021-06-12
100,Krista Mayer,duncanchristopher@example.net,2024-07-10
101,,ihubbard@example.com,2023-06-13
102,Anthony Garcia,lori73@example.org,2021-10-28
103,Ernest Allen,wukevin@example.org,2023-02-02
104,Michael Kim,qsmith@example.com,2025-05-06
105,Tracy Reilly,dawn78@example.com,2021-08-31
106,David Stein,maysmaria@example.com,2025-08-09
107,Gabriel Mcpherson Jr.,christinekelly@example.net,2026-05-06
108,Courtney Baker,coopernathan@example.org,2026-05-29
109,,sthomas@example.org,2023-11-22
110,,vdelacruz@example.com,2024-10-06
111,Brian Spencer,georgerichard@example.net,invalid_date
112,Parker Joseph,staffordtina@example.net,2026-03-12
113,Mitchell Morse,robertshelton@example.com,invalid_date
114,Angela Carrillo,invalid_email,2026-06-10
115,Brian Lee,invalid_email,2023-09-09
116,Teresa Hamilton,jacob41@example.com,2023-10-12
117,Elizabeth Wright,norma29@example.com,2025-11-19
118,Michael Carter,washingtontimothy@example.org,invalid_date
119,Marc Morgan,gmoore@example.com,2023-11-07
120,April Garcia,solisamanda@example.com,2026-03-09
121,Holly Perez,stanleylarry@example.net,2021-09-30
122,Connie West,frances23@example.com,2026-06-02
123,Jennifer Gross,invalid_email,2025-11-02
124,Michael Mendoza,abarnes@example.com,2026-01-25
125,Rodney Le,marshalldavid@example.net,2025-07-21
126,Matthew Romero,joe44@example.net,2022-10-25
127,,brownkenneth@example.net,2025-10-24
128,Cindy Williams,invalid_email,2025-10-09
129,Tammy Patton,april56@example.org,2025-02-12
130,David Bullock,newtonmelinda@example.org,2025-04-27
131,Mark Harris,riggsvincent@example.net,2025-05-11
132,Antonio Huffman,williamsfrank@example.net,2021-12-27
42,David Johnson,weaverchristopher@example.org,2024-12-31
134,Dennis Rush,walkermary@example.net,2025-11-06
135,Joseph Smith,znelson@example.com,2026-02-22
136,Brandon Thompson,westcarrie@example.com,2023-08-21
137,Sarah Maynard,lstanton@example.org,2026-06-03
138,John Campbell,kowens@example.net,2022-10-29
139,Jason Sandoval,dennisjordan@example.org,2024-09-07
140,Justin Martinez,latoya77@example.org,2026-05-27
141,Joshua Norman,kristinjones@example.com,2024-06-01
142,Daniel Hall,derrickwoods@example.org,invalid_date
143,Sarah Schneider,johnsonbrian@example.com,2023-08-17
144,Jeffrey Mayo,ecraig@example.org,2022-02-23
145,Mark Conley,stevenhatfield@example.org,invalid_date
146,Adriana Cline,ashley15@example.net,2023-09-29
147,Thomas Mckenzie,shawna75@example.net,2023-03-01
148,Daniel Ballard,hoffmanchristine@example.net,2025-03-20
149,Nathan Lowe,pwerner@example.net,2023-01-23
150,Hunter Henry,invalid_email,2025-12-09
151,Robert Hall,kingchristopher@example.net,2024-07-23
152,Jacob Luna,invalid_email,2024-12-07
153,,invalid_email,2022-11-22
154,Suzanne Flores,whiteraymond@example.net,2026-05-12
155,Courtney Wise,bryceshepherd@example.org,2022-03-03
156,Richard Archer,pateljames@example.com,2021-10-22
157,Michael Johnson,jamesdaniel@example.com,2025-05-12
158,Johnny Moon,jamesperez@example.net,2023-12-12
159,Karen Daniel,smithdaniel@example.com,2023-01-19
160,Mary Green,invalid_email,2026-01-28
161,Paul Walker,brookehayes@example.net,2024-10-12
162,Jim Barker,kellyschroeder@example.net,2024-01-19
163,Jessica Moore,cathy72@example.org,2024-12-26
164,Kim Smith,taylormadison@example.com,2025-09-12
165,Sheena Goodman,vmora@example.com,2024-02-25
166,Ashley Thomas,brittanysullivan@example.com,2024-10-29
167,Christopher Farley,nbryan@example.net,2022-05-14
168,Nancy Singleton,amanda38@example.com,2021-06-15
169,Lisa Murphy,reneesmith@example.org,2025-02-23
170,Jason Bridges,ellisstephen@example.com,2022-07-16
171,Shannon Turner,sydney29@example.org,2023-06-21
2,Debra Collins,pcunningham@example.org,2022-12-20
173,Susan Davis,gabrielsilva@example.com,2022-01-02
174,Anthony Juarez,jamieglass@example.org,2025-09-29
175,Christina Brennan,ugreene@example.net,2025-04-19
176,Jesus Bailey,schmidtkimberly@example.net,2023-10-09
177,,kingrichard@example.com,2024-08-10
178,Laura Barnes,jgrimes@example.com,2023-05-03
179,Bradley Wilson,nortonantonio@example.com,2025-10-19
180,Anne Johnson,emilyware@example.net,2023-10-24
181,Amy Savage,aprice@example.org,2021-12-03
182,Wanda Bowers,vhale@example.net,2021-08-22
183,William Tran,odickerson@example.net,2024-01-14
184,Douglas Graves,xduncan@example.net,2024-03-22
185,Kelly Hall,invalid_email,2021-10-06
186,Jay Peterson,scottguzman@example.com,2024-10-03
187,Jason Logan,angela79@example.com,2022-08-21
188,Amy Thornton,morrisemily@example.net,2025-12-14
189,Kyle Holloway,yhopkins@example.net,2023-01-23
190,Victoria Molina,thomas57@example.net,2022-02-03
191,Sandra Bauer,saramurphy@example.com,2024-10-31
192,Maxwell Bruce,petersondavid@example.net,2022-03-14
193,Mary Hernandez,paul96@example.com,2025-10-30
194,Victoria Rivera,escobarrichard@example.org,2024-10-14
195,Jeffrey Young,aaron67@example.org,2022-05-12
196,Maria Johnson,sancheztracey@example.net,2023-06-18
197,Kathy Robinson DDS,reynoldsmaria@example.net,2025-02-24
198,Brianna Rivera,jenniferhernandez@example.com,2025-11-27
199,Christy Fleming,catherine62@example.org,2021-12-28
200,Antonio Noble,schmidtjane@example.net,2022-06-10
201,Justin Alexander,aochoa@example.com,2023-06-14
202,Victor Sullivan,jlane@example.com,2024-03-16
203,John Cox,jason86@example.com,2024-05-08
204,Curtis Cain,thompsonann@example.org,2022-04-27
205,Danny Foster,lewissarah@example.org,2022-11-10
206,Devon Fox,invalid_email,2025-08-19
207,David Thompson,sserrano@example.net,2022-07-18
208,Brittany Taylor,travis92@example.com,2025-09-28
209,Christopher Nguyen,invalid_email,2024-04-08
210,Heather Lawson,lramirez@example.org,2022-12-09
211,Katie Yu,antonio78@example.com,2023-08-08
212,Karla Ross,zhangtony@example.org,2022-08-14
213,Gary Vaughan,april95@example.net,2023-06-15
214,Jessica Harris,invalid_email,2021-11-05
215,Stephanie Reyes,ericbennett@example.org,2025-10-10
38,Regina Payne,rscott@example.net,2025-09-28
217,Morgan Bennett,jaymartinez@example.net,2023-03-31
218,Brandon Phillips,invalid_email,2023-08-02
219,Jordan Smith,redwards@example.com,2024-10-19
220,John Jones,kristinarobinson@example.org,2021-09-14
221,Beverly Lambert,christinajackson@example.com,2021-10-03
222,Seth Wade,williamsbrandi@example.com,2025-07-29
223,Laura Bray MD,yortega@example.org,2022-04-10
224,Paula Hardy,xjohnson@example.com,2024-06-10
225,Matthew Holloway,jonathanmitchell@example.com,2024-02-18
226,Isaac Gonzalez,martin29@example.net,2026-05-17
227,Charles Henry,gmills@example.com,2024-03-03
228,Donna Brown,johnreed@example.org,2024-12-22
229,Patrick Haynes,invalid_email,2025-09-19
230,Melissa Moore,wilsonwilliam@example.net,2025-09-06
231,Kevin Wilson,mark81@example.com,2024-11-17
232,Melanie Walker,tpitts@example.net,2022-08-26
233,Brian Price,rosedebra@example.org,2021-06-17
234,Natalie Strickland,cookcassidy@example.net,2021-12-07
235,Nathan Bradshaw,zachary35@example.org,2026-03-26
236,Clayton Smith,tjohnson@example.com,2026-02-08
237,Nancy Jones,dlittle@example.org,2025-01-08
238,Beth Paul,haleyandersen@example.org,2024-11-22
239,Tiffany Meyer,daynicole@example.net,2025-11-15
240,Bailey Perez,invalid_email,2023-10-04
241,Brian Murphy,lauraberry@example.net,2025-07-13
242,Sabrina Williamson,bestdevin@example.net,2022-01-07
243,Lori Thomas,callen@example.com,2023-12-25
244,Joseph Harris,bmorrison@example.org,2023-05-02
245,Patrick Frazier,gstewart@example.net,2022-10-07
246,Christopher Bell,jasonbarron@example.com,2022-04-19
247,James Richardson,james09@example.net,2022-12-10
248,Shari Bailey,nturner@example.org,2024-09-16
249,Steven Jones,teresa87@example.net,2022-04-15
250,Hannah Ramirez,xlowery@example.org,2023-03-27
251,,xhawkins@example.org,2025-10-31
252,Heather Stafford,lauren06@example.org,2024-06-29
253,Zachary Bauer,hjackson@example.com,2025-09-28
254,Joe Valenzuela,jjennings@example.net,2026-05-06
255,Marisa Cross,mcarter@example.com,2025-10-27
256,Kimberly Schneider,qcurtis@example.com,2023-06-07
257,William White,julie40@example.org,2025-11-28
258,James Villanueva,justinbarker@example.org,2024-11-10
259,Carla Green,nicolegriffith@example.net,2021-07-26
260,Emily Garcia,nathanwatkins@example.net,2022-07-21
261,Jacqueline Bishop,invalid_email,2022-04-03
262,John Diaz,virginiaanderson@example.net,2023-02-01
263,Tonya Fuller,clarkpatricia@example.org,2021-08-23
264,Jeff Espinoza,carlos22@example.com,2023-01-05
265,Tanya Clark,brooksjessica@example.net,2025-04-18
266,Dennis Robinson DVM,markssamantha@example.com,2024-06-07
267,Zachary West,katherine08@example.com,2025-09-27
268,Travis Cannon,invalid_email,2023-07-24
269,William Montoya,mho@example.net,2022-04-13
270,Thomas Moss,taylorchristopher@example.com,2021-10-26
271,Jill Stone,valerie69@example.com,2022-05-25
272,Dawn Martin,invalid_email,2024-03-12
273,Sandy Bailey,sandra07@example.org,2024-04-04
274,Corey Terry,perkinsandrew@example.org,2021-11-02
275,Mr. David Sparks,rreeves@example.com,2021-11-14
276,Joseph King,lmckinney@example.com,2025-09-07
277,Tina King,laurathomas@example.org,2022-05-02
278,Megan Bennett,zgross@example.com,2021-08-17
279,Christine Mcdowell,invalid_email,invalid_date
280,Denise Johnston,patricia43@example.org,2024-05-08
281,Wesley Parks,glenn65@example.net,2023-10-04
282,Samantha Lewis,invalid_email,2022-08-31
283,Casey Stanley,ischmitt@example.com,2021-11-19
284,Elizabeth Berry,mccarthyaaron@example.net,2022-01-29
285,Aimee Kirk,jessica24@example.net,invalid_date
286,Jack Powell,cameron38@example.org,2025-03-31
287,Jessica Hess,dennis12@example.com,2023-03-21
288,Mackenzie Weber,obriencarla@example.org,2024-09-07
289,Teresa Adams,lydiahunter@example.net,2021-12-07
290,Jennifer Young,doylejaime@example.net,2024-11-01
38,Adriana Arnold,ehill@example.net,2026-02-03
292,Kristen Hall,normanjeffrey@example.org,2024-07-13
293,Robert Sharp,nschwartz@example.com,2023-10-27
294,Sonya Wilson,wrighteric@example.net,2023-09-25
295,Joseph Andrews,estrickland@example.net,2025-02-24
296,Valerie Fisher,tpatterson@example.com,2021-06-12
297,Brittany James,johnsonsally@example.org,invalid_date
298,Michael Flowers,omonroe@example.com,2023-08-30
299,Amy Freeman,bbarton@example.net,2022-01-18
300,Eric Reeves,invalid_email,2025-12-16
301,Shelly Perry,jesse12@example.com,2021-09-06
302,Taylor Smith,caserichard@example.net,2024-07-21
303,Kristie Middleton,alvin11@example.com,2022-08-17
304,Tammy Hill,kingdustin@example.org,2024-09-21
305,Jonathan Webb,jjordan@example.com,2025-04-22
306,Michelle Owens,theresa67@example.net,2024-07-21
307,Tamara Rocha,holmesashley@example.net,2023-08-01
308,Darryl Johnson,mcleanjohn@example.com,invalid_date
309,Brandy Mcpherson,daniel38@example.com,2021-07-30
310,Samuel Young,amanda60@example.net,invalid_date
311,Amanda Butler,dburns@example.org,2023-10-16
312,Daniel Dillon,invalid_email,2024-01-24
313,Christina Kline,mcconnelldylan@example.net,2023-10-22
314,James Harris,ikennedy@example.org,2022-10-28
315,Amanda Schmitt,clarkjeremy@example.com,2021-10-09
316,Benjamin Ortiz,chungdavid@example.net,2024-06-04
317,Frances Johnson,margaretwebb@example.org,2022-09-19
318,,michael34@example.net,2024-01-12
319,,ktorres@example.org,2026-06-05
320,Sandra Middleton,ymurphy@example.org,2024-01-25
321,Sharon Morris,invalid_email,invalid_date
322,Michael Jacobs,gloverchristopher@example.net,2024-11-06
323,,robert86@example.net,2026-04-29
324,Heather Hurley,lwilliams@example.com,2025-01-01
325,Marcus Dunn,sharris@example.com,2023-11-22
326,Joshua Carter,james55@example.net,2026-04-28
327,Richard Zavala,kenneth93@example.org,2024-12-11
328,Melissa Bentley,beasleyjanet@example.com,2025-06-13
329,Juan Lara,invalid_email,2025-05-28
330,Scott Ross,ngoodman@example.com,2022-08-21
50,Anthony Lindsey,ugrimes@example.com,2023-06-20
332,Erin Johnson,lcole@example.com,2022-02-24
333,Morgan Walker,yolandadawson@example.com,2022-06-15
334,Lucas Glover,epugh@example.org,2026-06-04
335,Mary Morton,lopezashley@example.com,2023-07-28
336,Brian Mccoy,shermanseth@example.com,2021-06-28
337,Peter Baker,carllindsey@example.com,2026-05-26
338,Erik Burgess,dlewis@example.org,2024-02-26
339,Kathleen Leon,invalid_email,2024-10-09
340,Bryan Arnold,shanelowe@example.org,2024-01-02
341,Tanya Mueller,kristisnow@example.com,2022-08-16
342,Jamie Paul,rebeccalee@example.net,2023-02-19
343,Stephanie Lloyd,robert94@example.com,2022-02-14
344,Ronald Harris,timothymurphy@example.net,2023-04-09
345,,kevinelliott@example.org,2022-11-12
346,Michelle Kennedy,michellegibson@example.net,2025-05-28
347,Katherine Olson,greenbrian@example.com,2023-05-25
348,Kevin Thompson,richardsmith@example.org,2025-02-03
349,Meghan Bates,pagesandra@example.com,2025-09-01
350,Brandon Hernandez,invalid_email,2026-03-05
8,Chad Rowe,parsonssherri@example.net,2026-05-18
352,Victoria Stone,mcintoshlisa@example.com,2025-05-27
353,Elizabeth Rivera,justin02@example.net,2022-03-31
354,,jessica52@example.org,2021-08-16
355,Nicole Peck,snyderkristen@example.org,2022-10-12
356,Rebecca Hill,carolmooney@example.net,2023-03-28
357,Tracy Proctor,marywright@example.com,2022-08-25
358,Elizabeth Hernandez,invalid_email,2022-08-11
359,Samuel Adams,ashleyunderwood@example.net,2024-04-22
360,Justin Walker,scott40@example.com,2024-11-03
361,Robert Hall,laurabrown@example.org,2026-05-10
362,Ashley Barron,robertsdavid@example.net,2026-02-15
363,Amber Burton,cynthiaross@example.org,2026-03-22
364,Melinda Cummings,hcameron@example.org,2025-03-10
365,Douglas Owens,robertoroman@example.net,2022-11-13
366,Martin Berg,angelaguerrero@example.org,2024-09-09
367,Edward Peters,brian03@example.org,2022-04-29
368,Krystal Smith,uhenry@example.org,2022-09-05
369,Julie Duke,welchdarren@example.com,2023-03-19
370,Corey Neal,sheacourtney@example.com,2022-03-29
371,Samuel Perry,ryan20@example.org,2023-03-02
372,Jonathan Morrison,jacksonalexandra@example.com,2025-05-20
373,Stephanie Moore,abanks@example.com,2024-01-11
374,Jerome Davis,gomezmary@example.com,invalid_date
375,Jamie Johnson,belledward@example.net,2026-05-04
376,Samantha Mcbride,irobles@example.org,2025-03-27
377,Kevin Wood,raymondherrera@example.org,2021-07-24
378,Natasha Wallace,pbailey@example.org,2021-10-19
379,Mrs. Veronica Anderson,jacob05@example.net,2023-08-21
380,Jeff Green,tconner@example.com,2023-02-02
381,Phillip Wright,deantimothy@example.org,2025-08-17
382,Jason Cordova,steventucker@example.net,2021-10-26
383,Shannon Wilkerson,pmack@example.org,2026-05-10
384,Barbara Gray,simpsondana@example.org,2025-09-03
385,Robert Lambert,griffinsusan@example.org,2024-02-12
386,Joshua Martinez,erikaholmes@example.org,2024-04-17
387,John Murray,sandersmegan@example.com,2022-02-12
388,Michael Lopez,invalid_email,2026-02-03
389,James Franklin,invalid_email,2023-03-18
390,James Rodriguez,colemanmark@example.com,2022-06-25
391,Jodi Wells,reyespeter@example.com,2021-08-10
392,Brent Gutierrez,jasonbrown@example.org,2023-02-21
393,Sheila Fowler,joshuahorn@example.org,2025-06-19
394,Daniel Jefferson,invalid_email,2025-12-21
395,Michael Warren,powellpenny@example.com,invalid_date
396,Harry Bond,cgarner@example.com,2024-06-20
397,Robin Shaw,patricia09@example.org,2026-04-14
398,Paul Anderson,amartinez@example.com,2025-03-23
399,Morgan Cummings,hroy@example.net,2022-12-30
400,Brittany Mack,kyle12@example.com,2023-11-02
401,Melissa Roberts,alexglass@example.org,invalid_date
402,Aaron Decker,bellkimberly@example.net,2025-12-09
403,Anthony Allen,gpena@example.net,2022-12-23
404,Jessica Camacho,paulmiller@example.com,2024-08-20
405,Jennifer Patton,gonzalezjoshua@example.org,2023-10-13
406,Jesse York,berryandrew@example.org,2025-06-25
407,Donna Wells,xlyons@example.org,2024-08-25
408,Jenny Sparks,igarner@example.com,invalid_date
409,James Morris,wmorris@example.com,2021-12-08
33,Tammy Lynch,janet93@example.com,2024-11-17
411,Madison Ramirez,invalid_email,2021-10-12
412,Donna Lara,kimberlymyers@example.com,2025-07-22
413,Gina Garrett,invalid_email,invalid_date
414,Matthew Davenport,jessica04@example.com,2024-05-01
415,Ashley Morales,joshua50@example.net,2021-10-03
15,Don Stewart,murphysean@example.org,2024-09-19
417,Shawn Duncan,tammyellis@example.org,2023-11-22
418,Anthony Jones,francisanna@example.com,2021-08-01
32,Courtney Gaines,christopher78@example.net,2023-10-29
420,Chad Nichols,brandon32@example.net,2025-12-09
421,Dawn Massey,gabriellagarrett@example.com,invalid_date
422,Robert Blake,katherinerodriguez@example.net,2023-05-12
423,Mitchell Dunn,nsanchez@example.org,2024-02-20
424,Amy Mejia,wgrant@example.net,2023-11-08
425,Julie Lee,amberbenson@example.org,2025-05-04
426,,heather12@example.org,2023-12-21
427,Justin Vega,tiffany41@example.net,2025-05-24
428,Jamie Mcdowell,emoore@example.com,2021-09-07
429,Rebecca Mendez,slee@example.org,2026-01-25
430,Robert Cabrera,kara71@example.org,2024-06-22
431,Larry Hughes,shumphrey@example.com,2024-07-01
432,Tammy Pham,michelle22@example.com,2026-03-08
433,Timothy Cameron,charlesstephenson@example.org,2021-08-10
434,Gina Hull,michael68@example.com,2024-12-12
435,Shannon Moore,diana44@example.net,2025-08-05
436,Eric Hartman,taylorronald@example.com,2024-04-09
437,Kelly Jones,james80@example.net,2024-02-26
438,Rebecca Norris,briansawyer@example.com,2022-01-10
439,Katie Johnson,mgarcia@example.com,2023-02-01
440,Michael Mendoza,olsentom@example.net,2025-01-16
6,,villabryan@example.com,invalid_date
442,Jennifer Watts,invalid_email,2021-09-03
443,Antonio Bentley,emily97@example.org,2024-05-26
444,Elizabeth Stark,huntdylan@example.net,2024-11-25
445,Melissa Johnson,gregorymatthew@example.org,2025-02-27
446,Gloria Kim,brittany92@example.org,2023-08-18
447,James White,andersonamanda@example.org,2026-03-12
448,Clifford Foster,invalid_email,2025-04-29
449,Deborah Wade,michaelsmith@example.org,2022-05-26
450,James Arnold,melanie75@example.org,2021-08-10
451,Christopher Cuevas,wrodriguez@example.com,2023-09-14
452,Anna Mccarty,james71@example.net,2025-12-31
453,Kathy Mclean,xochoa@example.org,2024-06-15
17,Abigail Wagner,kscott@example.org,2022-06-17
455,Corey Hobbs,perezkim@example.com,2023-12-01
456,Melanie Carroll,brianhill@example.net,2021-09-25
26,Christopher Winters,invalid_email,2025-04-11
458,Tamara Cisneros MD,cmoore@example.org,2024-09-18
459,Robert Barton,theresakelly@example.com,2024-06-29
460,Nathan Caldwell,kevinramirez@example.org,2024-03-08
461,Mark Garcia,cnicholson@example.org,2021-06-11
462,Henry Alexander,ustafford@example.com,2023-11-14
463,Bryan Anthony,jamesgould@example.org,invalid_date
464,Caleb Little,invalid_email,2021-11-17
465,Karen Wolf,jenniferorr@example.org,2023-06-04
39,Lisa Tucker,nicole20@example.net,2021-11-05
467,Veronica Anderson,cannonjason@example.org,2023-07-13
468,Laura Ashley,michaelporter@example.net,2025-07-13
469,Michelle Griffin,anthony19@example.com,2025-05-14
470,Jason Nelson,invalid_email,2025-01-29
471,Suzanne Reyes,nguyenrebecca@example.net,2022-10-22
472,Erika Carter,elizabethwalker@example.org,2025-11-22
473,Jessica Ramos,elizabeth28@example.net,2025-08-01
474,Kathleen Beasley,jackson32@example.com,2024-05-03
475,Michael Mcfarland,dixonjoseph@example.com,2022-09-20
476,,travisjoseph@example.org,2024-09-16
477,Linda Larsen,ihernandez@example.com,2023-08-07
478,James Gilbert,reginaholmes@example.org,2026-03-05
479,Kelsey Calderon,baileykimberly@example.org,2025-05-22
480,Erin Rivas,josephvasquez@example.net,2024-07-10
481,,susanowens@example.org,2026-04-25
482,Judith Walters,savagelisa@example.org,2025-02-02
483,Emily Weaver,elizabethbowman@example.net,2023-04-18
484,Jennifer Holmes,sarahhernandez@example.net,2024-11-26
485,Donna Garcia,omyers@example.net,2025-07-01
486,Sean Galloway,kelly54@example.com,2025-02-08
487,Joseph Brady,john87@example.org,2023-10-20
488,,alexander05@example.com,2025-05-17
489,Sara Johnson,invalid_email,2024-02-15
490,Christine Davis,sabrina31@example.com,2021-09-08
491,Adam Johnson,invalid_email,2022-02-28
492,Jose Schneider,fernandomercado@example.com,2025-10-26
493,Omar Howell,autumn79@example.org,2023-10-25
494,Michelle Clark,riverabryan@example.com,2025-08-12
495,Heather Johnson,chase86@example.org,2022-05-18
496,Matthew Silva,seth48@example.org,2026-02-20
497,Kimberly Blevins,simmonsdaniel@example.com,2022-11-14
498,Brian Mendez,eroy@example.net,2023-07-28
499,Matthew Roberts,aaronowens@example.org,2022-08-16
500,Frank Rios,sullivanryan@example.net,2022-04-17
501,Todd Wells,matthewwagner@example.com,2025-08-31
502,Sarah Gomez,invalid_email,2021-12-30
503,Ann Fields,evelyn67@example.org,2022-02-03
504,Scott Martinez,kendramartin@example.com,2024-09-22
505,Whitney Murray,khawkins@example.org,2023-09-13
506,Maria Lopez,hfrederick@example.net,2024-10-03
507,Danielle Sanders,gabriellecampbell@example.com,2022-12-22
508,Jenna Rivera,murrayjustin@example.org,2022-10-19
509,Marissa Le,xpotter@example.net,2024-03-14
510,Paul Wheeler,kwebb@example.com,2022-05-22
511,Dr. Michael Harris,hernandezmatthew@example.com,2023-03-04
512,Henry White,sierra93@example.com,2023-06-18
513,Rebecca Delacruz,olee@example.org,2024-06-11
514,Mark Greene,stevenjackson@example.net,2023-03-19
515,Julian Poole,justin80@example.net,2023-08-05
516,Justin Wilson,smallderek@example.com,2022-04-27
517,,austinmoore@example.net,2022-12-21
518,Mark Frederick,daniel82@example.org,2023-04-27
519,Daniel Mahoney,lgarza@example.com,2021-12-22
520,Erica Thornton,donna88@example.net,2024-06-09
521,Mrs. Tara Hoffman,kbell@example.org,2025-04-11
522,Denise Russell,brandonrichard@example.net,2026-03-23
523,,justin81@example.com,2022-06-19
524,Mary Hanson,mark37@example.com,2021-07-04
525,Shannon Johnson,shelley06@example.org,2024-06-10
526,Cory Pittman,invalid_email,2023-12-23
527,,kenneth95@example.net,2022-05-05
528,Megan Juarez,ubaker@example.org,2022-12-30
529,Daniel Watts,invalid_email,2023-06-18
530,Robert Andrews,cellis@example.net,2022-07-26
531,Shaun Stout,obriggs@example.com,2024-05-09
532,Tara Bradley,john04@example.org,2024-02-17
533,Isaac Ward,cortezjimmy@example.net,invalid_date
534,James Singleton,laragregory@example.net,2025-05-19
535,Regina Williams,thomasmolina@example.com,2026-01-17
536,Crystal Stephens,rebecca65@example.com,2026-06-10
537,Anthony Richardson,wilsonregina@example.org,2026-05-09
538,Brandon Ellis,bartonashley@example.org,2024-09-21
539,Eric Gonzalez,invalid_email,2024-04-27
540,John Smith,williammcmillan@example.net,2022-06-05
541,William Farrell Jr.,catherinecarroll@example.net,2022-03-12
542,Jose Christian,zhangolivia@example.com,2023-04-29
543,Nicholas Farley,amysmith@example.org,2022-10-11
544,Mary Mckinney,brandon77@example.net,2021-07-29
545,Hannah Payne,hmccoy@example.org,2024-11-01
546,Heather Barker,carmenwright@example.net,2025-11-21
547,Joshua Myers,rdavila@example.net,2024-01-16
548,Beverly Grimes,moorechristopher@example.com,2023-05-07
549,,peterreed@example.net,2022-05-13
550,Victor Torres,yvettecarson@example.com,2024-06-30
551,Matthew Taylor,paul30@example.net,2022-06-13
552,Tara Nelson,ebecker@example.org,2023-01-25
553,Sandra Kelly,morrisanthony@example.net,2023-10-07
554,Alicia Shelton,invalid_email,2025-08-14
555,Anthony Berg,wbenjamin@example.net,2025-05-16
556,Kimberly Schwartz,harrisdavid@example.org,2022-04-14
557,Alyssa Robles,evillarreal@example.org,2022-12-10
558,Perry Mcdowell,eshepherd@example.com,2021-11-16
559,Vincent Bailey,kristina11@example.org,2025-02-23
560,Stuart Fleming,invalid_email,2022-01-20
36,Susan Evans,olivia65@example.org,2025-05-14
562,Trevor Mcconnell,invalid_email,2024-02-19
563,Dalton Johnson,mark95@example.com,2023-03-24
564,Isaiah Contreras,invalid_email,2022-10-28
18,Brian Bush,invalid_email,2025-05-05
566,Abigail Vazquez,beckdanny@example.net,2022-09-01
567,,matthew66@example.com,2022-12-12
568,Kevin Brooks,charles98@example.net,2023-05-08
569,Margaret Wagner,xevans@example.org,2025-03-06
570,David Zuniga,spencercharles@example.org,2022-11-15
571,Jodi Castillo,martinezmaurice@example.com,invalid_date
572,Paul Castillo,bgomez@example.net,2023-06-29
573,Amanda Miller,invalid_email,2025-01-16
574,Mary Brown,boltonalbert@example.net,2021-07-30
575,Miguel Jimenez,nguyenjoshua@example.com,2023-06-20
576,Ricky Duran,jonathon57@example.net,2021-07-16
577,Danny Andrews,fscott@example.net,2022-01-19
578,Paul Welch,brendagardner@example.org,2025-02-15
579,Mrs. Brandy Patterson,brett16@example.org,2025-11-19
580,Tamara Mcmahon,ngonzalez@example.com,2024-03-17
581,Monica Peterson,ashley80@example.net,2025-07-28
582,Gary Johnson,moorecharles@example.net,invalid_date
583,Evan Sanders,edwardspatricia@example.org,invalid_date
584,Samuel Castro,qbenton@example.org,2024-05-07
585,Sherri Garcia,kimberlybrown@example.com,2022-04-07
586,Jennifer Shaffer,zlindsey@example.org,2025-11-08
587,Kelly Rasmussen,trantim@example.org,2021-11-05
588,,paceamy@example.com,2022-03-31
589,Melanie Marshall,alam@example.com,2022-04-25
590,David Howard,kathleenclark@example.com,2022-09-04
591,Gary Edwards,huertabonnie@example.com,2022-05-10
592,Andrew Kemp,mgarrison@example.com,2024-03-11
593,Tabitha White,laurie12@example.com,2021-12-21
594,Tracy Patel,ojordan@example.net,2025-11-16
595,Jasmine Stone,tylerday@example.org,2024-05-03
596,Justin Fisher,amy72@example.org,2022-04-18
597,Edward Brewer DDS,kevinlong@example.net,2021-07-30
598,Mr. Brian Rios,iwong@example.org,2024-11-06
599,Theresa Morales,torresdebbie@example.com,2026-02-17
600,Juan Buckley,zmiller@example.net,2022-05-23
601,Dr. Dillon Kramer MD,jimmy41@example.org,2021-10-27
602,Diane Ingram,david48@example.net,2022-10-24
603,Teresa Schmidt,invalid_email,2022-12-19
604,Tracy West,michael46@example.com,2024-09-26
605,Maria Alvarez,haroldthomas@example.org,2025-05-12
606,Sandra Marks,williamsjeremy@example.org,2026-05-14
607,Jeffrey Fisher,georgejames@example.net,2023-12-03
608,Edward Ryan,dawn48@example.com,2024-04-14
609,Donald Kramer,david10@example.org,2025-06-03
610,Michelle Webb,robert99@example.net,2025-09-07
611,Lauren Kelley,salinascourtney@example.com,2024-12-04
612,Judith Stuart,davidperez@example.org,2023-01-30
613,Brian Mejia,invalid_email,2022-11-15
614,Kevin Lopez,ojones@example.net,2024-05-25
615,Mark Hernandez,zwoodard@example.net,2021-10-09
616,Claire Cochran,kellynancy@example.org,2025-01-19
617,Tyler Chambers,foxkristen@example.org,2025-05-10
618,Carrie Lam,walkerjacqueline@example.org,2026-03-16
619,Jesse Osborne,wcampbell@example.com,2026-02-21
620,Ricky Houston,kathyjohnson@example.com,2022-08-08
621,Patricia Aguilar,john79@example.com,2024-09-01
622,,qchase@example.com,2025-11-03
623,Valerie Smith DVM,lindseytimothy@example.org,2024-05-21
624,Mrs. Heather Gray PhD,ethompson@example.net,2024-03-24
625,Anthony Lee,jordanerik@example.net,2022-07-21
626,Keith Russell PhD,travishogan@example.net,2021-11-18
627,Kristine Logan,stephen81@example.net,2023-01-11
628,Ashley Owens,invalid_email,2023-08-24
629,Tyler Anderson,andrescarpenter@example.net,2025-07-24
630,Jason Smith,jonesdanny@example.net,2023-10-01
14,Ashley Wright,watersanthony@example.net,2023-11-15
632,Lacey Martin,rodriguezcatherine@example.com,2024-08-19
633,Joshua Lane,ryanduran@example.org,2023-05-16
634,Brandi Hernandez,tking@example.net,2023-02-01
635,Stephanie Hill,invalid_email,2025-05-13
636,Thomas Hartman,whitekaren@example.com,2024-03-14
637,Marco Drake,penamarie@example.com,2022-03-15
638,Patrick Hall,jonathan08@example.com,2024-04-03
639,James Clayton,maria39@example.com,2022-04-10
640,Stephanie Franco,invalid_email,2021-06-23
641,Carl Prince,randall04@example.com,2024-12-07
642,James Harmon,kenneth39@example.org,2022-03-01
643,Robert Hernandez,jacobruiz@example.org,2025-06-25
644,Mark Shelton,xburke@example.com,2024-09-03
645,Christian Chen,stephenolson@example.com,invalid_date
646,Sara Ingram,paulashley@example.org,2024-03-28
647,Mary Smith,sarah51@example.org,2025-04-07
648,Nicole Morrison,ghansen@example.org,2025-03-02
649,Nathan Williams,tylerperez@example.org,invalid_date
650,Sean Rodriguez,brent34@example.org,2022-09-16
651,Chad Skinner,mariawalker@example.org,2023-06-23
652,Ann Davis,jjordan@example.net,2023-05-02
653,Ann Lewis,colin38@example.com,2024-03-09
654,Regina Vasquez,yvonnekim@example.com,2025-11-20
655,Daniel Jenkins,davidsonjennifer@example.net,2024-10-09
656,Amanda Luna,cbooth@example.org,2023-09-26
657,Melinda Brown,fostermisty@example.net,2022-01-11
658,Tamara Sosa,ryanharris@example.com,2024-11-12
659,Christina Johnson,deanna86@example.com,2025-11-11
660,Lorraine Waller,abigail69@example.com,invalid_date
661,Samantha Wilson,pobrien@example.net,2022-08-28
662,Rebecca Johnson,rebecca60@example.net,2022-04-22
663,Jeffrey Liu,igonzalez@example.com,2026-03-22
664,Kyle Smith,zwheeler@example.net,2025-02-07
665,Amanda Rodriguez,zhunter@example.org,2024-12-20
666,Trevor Ward,tamararodriguez@example.com,2023-08-13
12,Brendan Johnson,hailey13@example.org,2023-12-21
668,Carla Davis,cynthiasims@example.com,2024-05-25
669,Hayley Washington,miguelsanders@example.org,2024-01-15
670,Christopher Lawrence,slester@example.com,2025-12-18
2,William Sweeney,pateljennifer@example.com,2023-06-06
672,Mr. Steve Copeland,eedwards@example.org,2022-07-28
673,Jessica Rangel,tony67@example.org,2021-08-19
674,Jennifer Jones,invalid_email,2023-12-16
675,Alexandra Thompson,invalid_email,2026-06-02
676,Ryan Diaz,david60@example.com,2025-01-25
677,Angela Hamilton,timothypreston@example.org,2022-03-01
678,Diana Johnson,gravesjeremy@example.com,2025-06-14
27,Haley Martinez,nbriggs@example.org,2023-12-31
680,Amy White,martinezmegan@example.net,2025-07-01
681,Mary Holmes,simmonscrystal@example.net,2025-09-01
682,Jason Contreras,jackpatton@example.com,2024-10-15
683,Susan Carlson,christophercortez@example.com,2024-01-30
684,James Nichols,zsmith@example.com,2022-11-13
685,Jennifer Crosby,lmcclure@example.org,2025-05-24
686,Kristin Hernandez,thomascampos@example.net,2024-05-03
687,,robertsnathan@example.net,2023-01-15
688,Amy Morales,alexis07@example.org,2022-02-16
689,Michael Pena,hyang@example.net,2026-03-19
690,Harold Merritt,ortizdanielle@example.net,2023-10-02
691,Jamie Carroll,truiz@example.net,2021-07-06
692,Jonathan Wood,jeremytate@example.net,2024-01-10
693,John Torres,keith84@example.net,2021-10-21
694,Gina Berger,megan23@example.org,2021-10-31
695,Michelle Holmes,imora@example.net,2022-09-20
696,Matthew Estes,dnorris@example.net,2023-02-06
697,Alexa Bright,jenniferhartman@example.com,2026-04-23
698,Heather Brown,bcrosby@example.com,2025-08-24
699,,jessicaroberts@example.org,2022-10-24
700,Douglas Lowery,alvinmoore@example.net,2022-09-05
701,Molly Herrera,enichols@example.com,2024-05-01
702,Thomas Kline,hwillis@example.net,invalid_date
703,Tracy Yu,invalid_email,2023-05-08
704,Allen Cain,omccoy@example.com,2023-09-13
705,Sierra Harrison,lrodriguez@example.net,2025-01-01
706,Ashley Wilkinson DDS,samantha15@example.com,2025-01-06
707,Kristi Austin,dyermelissa@example.org,2024-10-05
708,Kathleen Scott,dawn79@example.org,2022-04-27
709,,zcunningham@example.com,2022-04-24
33,Linda Wood,blake06@example.org,2024-01-16
46,Reginald Weiss,deniseho@example.net,2022-04-28
712,Katherine Baker,johndavidson@example.org,invalid_date
713,John Gay,timothy14@example.com,2021-09-11
714,Jose Williams,parkerrebecca@example.net,2024-07-24
715,Jacob Glenn,thomas08@example.com,2023-02-03
716,James Cook,jillalvarado@example.org,2025-05-08
717,Oscar Chambers,natalie22@example.org,2026-03-13
718,Perry Figueroa,kanderson@example.com,2024-10-28
719,Carolyn Smith,urivera@example.org,2021-08-11
720,Stephen Gibson,douglasrichards@example.org,2023-11-05
721,Dawn West,obrienallen@example.com,2023-04-19
722,Laura Gordon,thompsonkristie@example.org,2025-06-11
723,Christopher Thomas,bclark@example.net,2021-07-12
724,Jared Wilkins,invalid_email,2025-08-29
725,Sarah Yang,jacobharris@example.net,2021-10-21
726,Mike Phillips,robertriley@example.com,2023-08-22
727,Alexander Taylor,hollowaychad@example.com,2024-09-24
728,Lisa Prince,gene34@example.net,2024-01-27
729,Michael Phillips,lbrowning@example.com,2024-05-01
730,,tiffanyacosta@example.org,2025-08-06
731,,jpeterson@example.org,2023-06-30
732,Heather Roberson,ashleygilmore@example.org,2022-03-13
733,Gina Kim,zwall@example.net,2022-08-21
734,Veronica Robinson,michelleschmidt@example.org,2021-06-11
735,Timothy Johnson,tlopez@example.com,invalid_date
736,April Nelson,rjoseph@example.org,2024-03-19
737,Patrick Shepard,amanda41@example.net,2022-01-27
738,Janet David,browningashley@example.org,2025-01-20
739,,cruzallen@example.net,2021-12-26
740,Roger Hoover,msanchez@example.net,2024-09-09
741,Kyle Boyd,lthomas@example.net,2022-05-08
742,Terry Krueger,stephanieoconnor@example.org,2023-01-29
743,Mario Anderson,kara76@example.net,2023-08-05
744,Ian Murray,amassey@example.org,2024-01-11
745,Kyle Rodriguez,douglas71@example.org,2023-09-27
746,Anna Barber,allisonmegan@example.org,2023-02-27
747,Crystal Kelly,invalid_email,2021-08-07
748,Karen Perez,tabithasmith@example.com,2023-09-11
749,Wayne Wilson,robert15@example.com,2023-05-11
750,Jamie Evans,invalid_email,2025-07-11
751,Christine King,kramercarmen@example.net,2024-08-14
752,Caitlin Smith,invalid_email,2025-04-12
39,Edward Williams,tmiller@example.org,2022-12-23
754,Timothy Smith,lindahansen@example.org,2025-02-02
755,Steven Yates,alyssa85@example.net,2026-03-22
756,Jeffrey Mosley MD,diazrobert@example.org,2026-01-04
757,Caitlyn James,invalid_email,2026-01-28
758,Anthony Cox,marchoffman@example.com,2023-11-05
759,Christine Molina,ortizdavid@example.org,2022-11-08
760,Kathleen Moore,vwilliams@example.org,2025-07-29
761,William Garcia,butlerseth@example.net,2023-10-26
762,Matthew Garcia,lbradshaw@example.net,2022-07-26
763,Bryce Shah,williamsjames@example.net,2024-03-23
8,John Mccarthy,morristiffany@example.com,2026-01-08
765,Patricia Garner,nwalker@example.net,2021-09-20
13,Edward Ellis,evanswilliam@example.org,2025-09-08
767,Sergio Jones,invalid_email,2022-09-01
768,Melissa Cook,kristiduncan@example.net,2025-06-23
769,Tyler Mccullough,aallen@example.org,2024-06-30
770,Connie Wright,invalid_email,2022-06-15
771,Paula Johnson,lisa40@example.com,2023-03-29
772,James Vargas,wolferhonda@example.org,2021-12-19
773,Elizabeth Cobb,johnwallace@example.net,2026-04-28
774,Heather Jenkins,invalid_email,2025-04-21
775,Anthony Washington,garcianicole@example.org,2022-04-29
776,Vincent Williams,jamesstafford@example.org,2022-01-30
777,Annette Liu,xfoster@example.com,2025-06-20
778,Jason Smith,kjohnson@example.com,2023-12-31
779,Christina Howard,tgilbert@example.org,2024-04-23
780,Terri Mcclure,christopherbaird@example.net,2022-03-07
781,Samuel Parks,eprince@example.net,2021-11-17
782,Leonard Graham,sbaker@example.org,2023-05-08
783,Steven Mann,rivaselizabeth@example.com,2022-04-21
784,Matthew Thompson,briannacampbell@example.net,2021-10-09
785,David Vang,emiller@example.com,2022-08-09
786,Rebecca Martin,mschroeder@example.net,2026-01-11
787,Mrs. Mercedes Sullivan,zfrancis@example.net,2022-11-15
788,Angelica Bryant,amybarajas@example.net,2024-02-18
789,Kathleen Nielsen,debbiehunt@example.org,2024-12-23
790,Teresa Butler,kgreen@example.com,2023-10-31
791,Kenneth Montoya,graycrystal@example.net,2024-11-21
792,James Robinson,allenfrank@example.net,2025-01-31
793,Jason Watson,xramos@example.com,2021-10-30
794,Joshua Watts,isabellahamilton@example.net,2025-10-30
795,Jennifer Butler,regina03@example.net,2025-01-26
796,Taylor Smith,nnewman@example.com,2024-09-04
797,Wendy Wilson,jacobhess@example.net,2022-06-21
798,Daniel Freeman,maria44@example.org,2022-06-25
799,Christina Hill,fparker@example.net,2024-04-09
800,,james03@example.net,2026-05-23
801,Tammy Bradley,william56@example.com,2023-03-25
802,Matthew Turner,sharpchristina@example.org,2025-12-27
803,Zachary Mcintosh,invalid_email,2024-04-29
804,Dr. Kimberly Morris,wross@example.com,2025-06-09
805,Kelly Hines,pamela83@example.com,2024-06-07
806,Eric Lewis,linda90@example.com,2023-08-10
807,Donald Carter,susan01@example.com,2025-05-21
808,Teresa Brady,gonzalezscott@example.net,2024-01-29
809,Richard Roman,thomas78@example.org,2024-06-20
810,Jeffrey Craig,invalid_email,2026-02-16
811,Jordan Powell,lauriemitchell@example.net,2024-07-27
812,William Crawford MD,invalid_email,2023-09-08
813,Michael Bell,jonesralph@example.org,2021-06-20
814,Chelsea Ford,invalid_email,2022-10-28
815,,invalid_email,2026-02-23
816,Courtney Olson,crystal52@example.net,2025-02-22
817,Tanya Williams,john77@example.net,invalid_date
818,Scott Thompson,raymond98@example.org,2021-07-01
819,Richard Smith,ashleymiller@example.com,2023-10-26
820,Scott Stewart,samuel24@example.net,2022-05-04
821,Richard Smith PhD,pittssamantha@example.com,2022-01-18
822,Michael Padilla,sbarnes@example.org,2026-04-10
823,Victoria Park,lucaskeith@example.com,2022-07-31
824,Laura Bates,invalid_email,2023-05-25
825,Mark Torres,dylansosa@example.com,invalid_date
826,Victor Galvan,vrojas@example.com,2024-12-19
827,David Mayer,invalid_email,2022-11-13
828,Ashley Patton,lgraham@example.org,2026-03-08
829,Shelby Holder,mrose@example.com,invalid_date
830,Brent Stevens,kennethcollins@example.net,2025-10-06
831,,gmerritt@example.net,2022-10-21
832,Kyle Obrien,jamescantu@example.com,2022-02-13
833,Nathan Gonzalez,dcampbell@example.com,2025-09-04
834,Sandra Gibbs,invalid_email,2025-05-10
835,Tammy Jones,tracyrichards@example.org,invalid_date
836,Matthew Lee,jacksonamanda@example.com,2022-04-28
837,Kelly Johnson,scottkayla@example.org,invalid_date
838,Ashley Blair,invalid_email,2022-06-15
839,John Hernandez,brianjohnson@example.com,2023-07-14
840,Betty Pierce DDS,jodigreen@example.org,2022-10-04
841,Anthony Cox DDS,bsantiago@example.net,2023-05-04
842,David Mcgee,hollyrodriguez@example.org,2025-04-02
843,Michelle Maldonado,jacob22@example.com,2024-04-15
844,Dylan Peterson,gailmccarthy@example.org,2024-04-04
845,,pball@example.org,invalid_date
846,Johnny Moore,lopezkathleen@example.org,2026-05-23
847,Kristi Wiley,lisa86@example.com,2025-04-16
848,Timothy Ruiz,vasquezrandy@example.net,2026-05-21
849,James Burns,ecastaneda@example.com,2023-11-27
850,Rodney Jones,danielle64@example.org,2022-10-30
851,Sean Reynolds,yaustin@example.org,2021-07-10
852,Bailey Novak,christophercarter@example.org,2026-05-20
853,George Singh,johnny53@example.net,2024-11-23
854,,stephaniehayes@example.net,2022-11-06
855,William Johnson,traceybaker@example.net,2025-03-08
856,Anthony Taylor,michellephillips@example.com,2024-07-01
857,Jamie Leon,heather02@example.com,2023-03-20
858,William Lee,hendersonkaren@example.net,2025-10-12
859,Katherine Roy,jessicapearson@example.com,invalid_date
860,Jennifer Heath,cnelson@example.net,2026-01-14
861,Jennifer Martinez,wrightgregg@example.org,2022-03-02
862,,tmurray@example.com,2022-11-21
863,Madison Nolan,yburnett@example.org,2024-11-15
864,Melody Burton,invalid_email,2024-08-03
865,Jessica Boyle,melissamurray@example.com,2022-08-15
866,Rodney Jacobs,stewartbenjamin@example.com,2022-09-13
867,Amanda Jimenez,invalid_email,2023-12-26
868,Brian Bauer,carteredward@example.com,2022-01-28
869,Jordan Bolton,gamblejudith@example.org,2023-01-11
870,Charles Klein,rblack@example.org,2025-02-01
871,John Monroe,amber33@example.com,2023-12-28
872,,invalid_email,2025-05-04
873,Michael Nelson,carlsonjustin@example.com,2021-09-01
874,Jonathan Ross,jameswilliams@example.org,2024-08-07
875,Benjamin Stewart,daviskimberly@example.org,2025-05-23
876,Michael Smith,klopez@example.com,2024-05-29
877,Ashley Sweeney,johnmarshall@example.com,2022-05-25
878,Crystal Sloan,jonathan11@example.net,2022-04-21
879,Lacey Johnson,npalmer@example.net,2022-03-14
880,,juliecoffey@example.com,2022-03-08
881,Brianna Mcguire,carol88@example.net,2024-04-30
882,Bryan Hudson,charlene90@example.com,2023-06-04
883,Sarah Valdez,invalid_email,2024-08-08
884,Jacob Spencer,tracey21@example.net,2026-04-02
885,Karen Herrera,zobrien@example.com,2022-01-12
28,Norma Cook,iford@example.net,2026-01-25
887,Anthony Smith,stoneelizabeth@example.com,2024-08-31
888,Martin Benson,dianemarshall@example.com,2025-08-18
889,Crystal Santos,carl71@example.net,2023-08-02
890,Daniel Kelley,katherine18@example.com,2022-07-23
891,Kevin Williams,feliciafisher@example.org,invalid_date
892,Michelle Ellis,rhondabaker@example.org,2022-02-26
893,Courtney Griffin,michaelgilbert@example.net,invalid_date
894,Karl Turner,alison25@example.net,2026-05-23
895,Lisa Ferguson,robert77@example.net,2023-09-06
896,Melissa Jones,ashlee18@example.com,2023-08-23
897,Carrie Shields,james82@example.com,2021-06-19
898,Daniel Humphrey,triciahughes@example.com,2023-11-27
899,Michael Ross,lamberttamara@example.com,2022-08-15
900,Rachel Casey,fwest@example.com,2025-10-01
901,Jocelyn Stone,reynoldsjennifer@example.com,2026-02-20
902,Jeremy Perez,invalid_email,2024-08-29
903,Matthew Castaneda PhD,richardsonsandra@example.com,2026-03-08
904,David Williams,peterruiz@example.net,2022-04-13
905,Douglas Chan,nicholas28@example.net,invalid_date
906,Amanda Kelly,julie81@example.org,2025-08-13
907,James Coleman,vincentlowery@example.net,invalid_date
908,Peter Pineda,tlambert@example.com,2026-04-22
909,Brittney Hebert,gpierce@example.org,2026-04-05
910,Alexander Smith,andersonlarry@example.org,2023-08-30
911,Yolanda Leonard,john29@example.com,2024-05-28
912,Eric Arroyo,jonestammy@example.org,2022-07-11
913,Shawn Collins,scottrenee@example.net,2025-11-03
914,Ashley Russell,jenniferwallace@example.net,2023-10-13
915,Steven Mcgee,shawaaron@example.net,2026-04-25
916,Sarah Stevenson,curtiswilliams@example.org,2021-11-26
917,Jessica Larson,invalid_email,2022-05-19
918,Carol Valenzuela,rnicholson@example.com,2021-06-18
919,Joseph Mack,murillorobert@example.net,2023-02-13
920,Jesus Bailey,invalid_email,2025-10-17
921,Christian Herrera,gmcintyre@example.org,2023-09-17
922,Sandra Jones,wmitchell@example.com,2025-09-16
923,,mcarr@example.com,2024-02-23
924,Danielle Ramos,barneskenneth@example.org,2021-12-23
925,Brittany Baldwin,amartinez@example.org,2024-06-06
926,Charles Burgess,cooperalan@example.net,2024-05-09
927,David Johnson,wilsoncheryl@example.org,2026-03-23
928,David Conrad,scott58@example.net,2025-06-11
929,April Diaz,warrenronald@example.com,2025-09-26
930,Leslie Williams,debra53@example.net,2022-07-23
33,Brett Conley,bgomez@example.org,2022-07-16
932,Sarah Simmons,nsmith@example.org,2024-09-28
933,Justin Alvarez,lsmith@example.com,2022-11-18
934,Frederick Alvarado,ibriggs@example.net,2021-10-14
935,Matthew Smith,rodriguezalyssa@example.net,2021-10-30
936,Sarah Johnson,michellecrawford@example.org,2022-03-06
937,Todd Martin,kelseycraig@example.net,2025-05-24
938,Timothy Dean,pdavenport@example.com,2024-11-14
939,Peter Lewis,jneal@example.org,2025-06-22
940,Edward Ware,ewilson@example.com,2024-06-12
941,Kimberly Hoffman,zramos@example.com,2022-08-18
942,Amanda Williams,johnsonseth@example.com,2023-02-27
943,Gary Coleman,hernandezjesse@example.org,2025-03-24
944,April Davis DDS,robertjensen@example.com,2022-06-03
945,Kristin Rosario,rollinsdavid@example.org,2024-11-19
946,Carla Warren,grivera@example.net,2024-02-19
947,Mackenzie Pena,martinezrobert@example.net,2022-01-17
948,Alisha Abbott,tiffany66@example.org,2025-03-02
949,Nicholas Gibson,keithjohnston@example.org,2023-12-02
950,Jennifer Harris,tatejessica@example.net,2025-11-19
951,Mary Butler,emily46@example.net,2024-10-19
952,Ashley Martin,bennettkenneth@example.net,2021-09-05
953,Traci Wells,gvalentine@example.org,2025-06-04
954,Cynthia Mcpherson,dkemp@example.org,2023-09-19
955,,hmonroe@example.net,2024-04-07
956,,anthonytapia@example.org,2024-09-22
957,Stephanie Jackson,scotttaylor@example.org,2025-07-24
958,Laurie Williams,curtis42@example.com,2023-09-26
959,Philip Andrade,jonesmichele@example.org,2021-08-22
960,Jacqueline Beasley,invalid_email,2025-11-18
961,Ronnie Moore,kimberlymiller@example.com,2023-11-20
962,Pamela Mann,kimberly56@example.org,2025-08-11
963,Katherine Beasley,jonathancortez@example.com,2021-08-11
964,Paula Bauer,clarkalison@example.org,2022-06-22
965,Alicia Silva,lorrainewheeler@example.org,2023-05-27
966,David Brown,robert89@example.net,2025-09-13
967,Lance Garcia,vwalsh@example.com,2023-11-01
18,James Keith,heather70@example.com,invalid_date
969,David Robinson,diana81@example.net,2021-07-31
15,Shawna Dickerson,jesuswilliams@example.com,2026-05-16
971,Daniel Wang,qmelton@example.net,2022-03-28
972,Roberta Wright,john73@example.com,2021-09-22
973,Julie Heath,xconner@example.com,2025-08-03
974,Hunter Cantu,invalid_email,2026-05-23
975,Mr. Daniel Price,wfranklin@example.com,2022-07-03
976,,emily03@example.net,2023-11-07
977,Jeffrey Myers,haysjoseph@example.net,2025-08-31
978,Mark Allen,alyssa58@example.net,2023-11-10
979,Mathew Anderson,sweeneyderek@example.com,2024-11-25
980,Karla Fowler,megansullivan@example.com,2021-11-13
981,Scott West,rcummings@example.net,2023-09-12
982,Jeffrey Hill,michael26@example.com,invalid_date
8,Jason Higgins,eric31@example.net,2024-09-07
984,Mikayla Rogers,invalid_email,2026-05-09
985,Jamie Peterson,xday@example.com,2021-12-16
986,Christopher Montes,invalid_email,2023-03-30
987,Linda House,myersjulian@example.com,2021-07-03
988,Joseph Patrick,brittanyjohnson@example.net,2021-07-20
989,,alvinsutton@example.net,2025-08-17
990,Steven Park,diazbrandi@example.org,2024-04-11
991,,kevinwright@example.com,2021-10-24
992,Randy Beard,williamcarpenter@example.com,2023-08-15
993,Anthony Gregory,mjohnson@example.com,2025-08-09
994,Elizabeth Jefferson,mariamartin@example.net,2025-06-09
995,Joseph Douglas,vcase@example.org,2025-03-11
996,,jonathan77@example.net,2024-07-11
997,Amanda Evans,jeffreynelson@example.org,2024-03-29
998,Vicki Marks,qmccarthy@example.com,2025-09-30
999,Jason Chavez,flopez@example.net,2021-12-31
1000,Paige Fitzpatrick,angelawood@example.com,2022-01-26
1001,Mackenzie Sanchez,qritter@example.com,2023-08-16
1002,Cheryl Martinez,davidfrederick@example.org,2023-05-25
1003,Matthew Dominguez,invalid_email,2021-10-18
1004,Kerry Crane,michaelburns@example.org,2026-01-09
1005,John Martinez,cconley@example.org,2024-06-17
1006,Katherine Fitzpatrick,heathergardner@example.org,2022-04-14
1007,Anna Fitzgerald,elizabethcrosby@example.com,2025-05-05
1008,Donald Pena,jonesmarcus@example.com,2025-10-28
1009,Paul Lopez,adavis@example.net,2024-10-27
1010,Christopher Rocha,joshuaward@example.com,2026-05-05
1011,James Richmond,vdougherty@example.net,2022-07-03
1012,Karen Knight DDS,connor63@example.com,2023-12-10
1013,April Mitchell,hayley14@example.org,invalid_date
1014,Alan Duncan,millereric@example.com,2024-01-30
1015,Michael Hamilton,amandayoung@example.net,2023-07-11
1016,Samantha Khan,donna39@example.net,2022-06-25
1017,Kenneth Martinez,james61@example.net,2022-06-14
1018,Calvin Vang,gonzalezjoseph@example.net,2022-09-02
1019,Ana Hernandez,hedwards@example.net,2024-07-11
1020,Randy Daniels,invalid_email,2025-10-18
1021,Katherine Pace,mendozajoshua@example.net,invalid_date
1022,Matthew Owens,invalid_email,2023-04-27
1023,Julie Berger,hsmith@example.net,invalid_date
1024,Victoria Burgess,seanevans@example.net,2025-02-14
1025,Nathaniel Romero,butlernatalie@example.net,2023-06-25
1026,Dr. Kelly Evans,antonio03@example.org,invalid_date
1027,Mrs. Laura Johnson,steven36@example.org,2025-10-25
1028,Alexandra Hodge,invalid_email,2023-08-01
1029,Tamara Vasquez,angel60@example.net,2026-05-24
1030,Keith Koch,tbrown@example.net,2023-02-16
1031,Thomas Knight,sarahsaunders@example.com,2023-06-25
1032,Michael Carter,gordonjennifer@example.com,2025-09-08
1033,Lindsey Hogan,rayantonio@example.com,2022-07-11
1034,Charles Tucker,kenneth33@example.org,2024-11-04
1035,Christopher Schultz,amber61@example.com,2022-09-20
37,Joseph Hernandez,hendersonmary@example.net,2025-09-14
1037,Alicia Bryant,lisaramos@example.com,2025-11-18
1038,Suzanne Roberts,sdaniels@example.net,2026-02-23
1039,Laura Williams,sbarnett@example.net,2022-10-16
1040,Lindsey Jones,hmartin@example.com,2025-02-24
1041,Shannon Harris,deborah65@example.org,2023-01-03
2,Shawn Sullivan,natalie57@example.com,invalid_date
1043,Angela Jones,abbottlisa@example.org,2022-10-05
1044,Joshua Terry,hgraham@example.net,2021-07-27
1045,Jacqueline Evans,potterjoshua@example.net,2021-07-01
1046,Crystal Lee,dcole@example.org,2023-07-31
1047,Ms. Sharon Ware DVM,hsmith@example.org,2023-11-03
1048,Patrick Green,vanessascott@example.net,2023-06-03
1049,Katelyn Williams,invalid_email,2024-03-17
1050,Sharon Patel,kdouglas@example.org,2024-12-01
1051,Amanda Garcia,stephanie23@example.com,2023-06-25
1052,Dana Mason,yturner@example.com,2025-03-14
1053,Marvin Bates,james59@example.com,2022-10-25
1054,Ashley Miller,rhall@example.net,2022-10-16
1055,Amanda Jackson,joyelliott@example.org,2023-09-16
1056,Kayla Harris,howardmadison@example.net,invalid_date
1057,,taylor12@example.org,2024-11-03
1058,Angela Evans,erika42@example.net,2024-11-25
1059,Amanda Kennedy,tony65@example.net,2022-03-20
1060,Brandon Morgan,carrrobert@example.net,invalid_date
1061,Barry Shelton,qvaughn@example.org,2024-07-09
1062,John Bush,joseph60@example.com,2025-01-23
39,Jorge Massey,walter24@example.org,2023-04-24
1064,,wanda50@example.com,2023-07-12
1065,,gibsonelizabeth@example.org,2023-11-17
1066,Mr. John Riggs,erictaylor@example.org,2021-07-27
1067,Cathy Davis,invalid_email,2022-08-08
1068,Brett Rhodes,jsmith@example.org,2025-04-26
1069,Timothy Sexton,wbrewer@example.com,2023-10-17
1070,Anthony Fisher,wendydiaz@example.org,2023-06-27
1071,Diane Sexton,ohernandez@example.net,2026-04-23
1072,Tina White,lambjeffery@example.org,2023-05-29
1073,John Williams,karenrussell@example.net,2024-08-31
1074,Alison Stephenson,whuff@example.org,2023-12-11
31,Melissa Schmidt,sherry32@example.com,2024-08-28
1076,Tammy Clark,hfuller@example.com,2025-05-22
1077,James Meadows,richard46@example.net,2025-12-07
1078,Stacy Johnson,samuel75@example.net,2025-07-25
1079,Carl Pham,invalid_email,invalid_date
1080,Daniel Smith,kimberlywatkins@example.net,2024-12-21
1081,Sonya Cabrera,michael78@example.net,2023-11-24
1082,Megan Bailey,fleminganna@example.com,2026-01-08
1083,Paul Payne,flopez@example.net,2022-07-29
1084,Autumn Harris,invalid_email,2024-11-21
1085,Stephanie Green,jeremy96@example.com,2021-10-17
1086,David Martinez,anthony34@example.org,2025-04-10
1087,Megan Holloway,bruce23@example.org,2025-08-09
1088,Jonathan Aguirre,shanesaunders@example.net,2021-09-21
1089,Maria Cervantes,wschneider@example.org,2021-10-06
1090,Zachary Mcconnell,ymarks@example.net,2022-11-06
1091,Martha Hill,ofreeman@example.com,2023-05-11
1092,Robert Sanford,jamesward@example.com,2023-10-19
1093,Peggy Castillo,kimberlysolis@example.com,2026-01-01
1094,Amanda Clark,mosesbrenda@example.com,2025-06-26
1095,Jose Escobar,mlee@example.net,2022-04-25
1096,Jason Johnson,santiagojay@example.org,2022-12-12
1097,Christina Parker,roachdavid@example.org,2025-12-19
1098,Alison Lopez,wmitchell@example.net,2025-03-04
1099,Carolyn Jennings,invalid_email,2025-02-22
1100,David Lane,invalid_email,2022-07-31
